Month,Year,Region,Dengue_Cases,Dengue_Deaths,MonthNum,Date,YearMonth
January,2016,Region I,705,1,1,2016-01-01,2016-01
February,2016,Region I,374,0,2,2016-02-01,2016-02
March,2016,Region I,276,0,3,2016-03-01,2016-03
April,2016,Region I,240,2,4,2016-04-01,2016-04
May,2016,Region I,243,1,5,2016-05-01,2016-05
June,2016,Region I,345,1,6,2016-06-01,2016-06
July,2016,Region I,1295,2,7,2016-07-01,2016-07
August,2016,Region I,1598,3,8,2016-08-01,2016-08
September,2016,Region I,1415,3,9,2016-09-01,2016-09
October,2016,Region I,1000,6,10,2016-10-01,2016-10
November,2016,Region I,555,1,11,2016-11-01,2016-11
December,2016,Region I,235,1,12,2016-12-01,2016-12
January,2017,Region I,285,0,1,2017-01-01,2017-01
February,2017,Region I,202,2,2,2017-02-01,2017-02
March,2017,Region I,151,1,3,2017-03-01,2017-03
April,2017,Region I,174,1,4,2017-04-01,2017-04
May,2017,Region I,179,0,5,2017-05-01,2017-05
June,2017,Region I,362,2,6,2017-06-01,2017-06
July,2017,Region I,1032,2,7,2017-07-01,2017-07
August,2017,Region I,1609,1,8,2017-08-01,2017-08
September,2017,Region I,1333,3,9,2017-09-01,2017-09
October,2017,Region I,1159,5,10,2017-10-01,2017-10
November,2017,Region I,865,3,11,2017-11-01,2017-11
December,2017,Region I,885,3,12,2017-12-01,2017-12
January,2018,Region I,699,6,1,2018-01-01,2018-01
February,2018,Region I,448,3,2,2018-02-01,2018-02
March,2018,Region I,235,1,3,2018-03-01,2018-03
April,2018,Region I,325,0,4,2018-04-01,2018-04
May,2018,Region I,334,0,5,2018-05-01,2018-05
June,2018,Region I,721,4,6,2018-06-01,2018-06
July,2018,Region I,3374,13,7,2018-07-01,2018-07
August,2018,Region I,3266,10,8,2018-08-01,2018-08
September,2018,Region I,2221,8,9,2018-09-01,2018-09
October,2018,Region I,1081,1,10,2018-10-01,2018-10
November,2018,Region I,1285,1,11,2018-11-01,2018-11
December,2018,Region I,1522,6,12,2018-12-01,2018-12
January,2019,Region I,596,2,1,2019-01-01,2019-01
February,2019,Region I,633,1,2,2019-02-01,2019-02
March,2019,Region I,399,0,3,2019-03-01,2019-03
April,2019,Region I,183,1,4,2019-04-01,2019-04
May,2019,Region I,197,1,5,2019-05-01,2019-05
June,2019,Region I,743,3,6,2019-06-01,2019-06
July,2019,Region I,2587,9,7,2019-07-01,2019-07
August,2019,Region I,4178,11,8,2019-08-01,2019-08
September,2019,Region I,4814,9,9,2019-09-01,2019-09
October,2019,Region I,2585,3,10,2019-10-01,2019-10
November,2019,Region I,2133,2,11,2019-11-01,2019-11
December,2019,Region I,819,0,12,2019-12-01,2019-12
January,2020,Region I,424,1,1,2020-01-01,2020-01
February,2020,Region I,442,2,2,2020-02-01,2020-02
March,2020,Region I,352,5,3,2020-03-01,2020-03
April,2020,Region I,46,2,4,2020-04-01,2020-04
May,2020,Region I,87,0,5,2020-05-01,2020-05
June,2020,Region I,186,2,6,2020-06-01,2020-06
July,2020,Region I,452,2,7,2020-07-01,2020-07
August,2020,Region I,1030,0,8,2020-08-01,2020-08
September,2020,Region I,1052,2,9,2020-09-01,2020-09
October,2020,Region I,807,1,10,2020-10-01,2020-10
November,2020,Region I,1212,0,11,2020-11-01,2020-11
December,2020,Region I,1081,1,12,2020-12-01,2020-12
January,2016,Region II,659,2,1,2016-01-01,2016-01
February,2016,Region II,408,2,2,2016-02-01,2016-02
March,2016,Region II,211,0,3,2016-03-01,2016-03
April,2016,Region II,138,0,4,2016-04-01,2016-04
May,2016,Region II,126,0,5,2016-05-01,2016-05
June,2016,Region II,126,1,6,2016-06-01,2016-06
July,2016,Region II,390,1,7,2016-07-01,2016-07
August,2016,Region II,754,0,8,2016-08-01,2016-08
September,2016,Region II,552,1,9,2016-09-01,2016-09
October,2016,Region II,292,3,10,2016-10-01,2016-10
November,2016,Region II,181,1,11,2016-11-01,2016-11
December,2016,Region II,54,0,12,2016-12-01,2016-12
January,2017,Region II,265,1,1,2017-01-01,2017-01
February,2017,Region II,112,1,2,2017-02-01,2017-02
March,2017,Region II,130,0,3,2017-03-01,2017-03
April,2017,Region II,112,2,4,2017-04-01,2017-04
May,2017,Region II,129,1,5,2017-05-01,2017-05
June,2017,Region II,260,0,6,2017-06-01,2017-06
July,2017,Region II,639,1,7,2017-07-01,2017-07
August,2017,Region II,819,7,8,2017-08-01,2017-08
September,2017,Region II,668,3,9,2017-09-01,2017-09
October,2017,Region II,990,12,10,2017-10-01,2017-10
November,2017,Region II,678,4,11,2017-11-01,2017-11
December,2017,Region II,508,2,12,2017-12-01,2017-12
January,2018,Region II,418,2,1,2018-01-01,2018-01
February,2018,Region II,267,0,2,2018-02-01,2018-02
March,2018,Region II,234,2,3,2018-03-01,2018-03
April,2018,Region II,238,1,4,2018-04-01,2018-04
May,2018,Region II,276,0,5,2018-05-01,2018-05
June,2018,Region II,573,3,6,2018-06-01,2018-06
July,2018,Region II,1516,4,7,2018-07-01,2018-07
August,2018,Region II,2518,6,8,2018-08-01,2018-08
September,2018,Region II,3698,12,9,2018-09-01,2018-09
October,2018,Region II,2921,10,10,2018-10-01,2018-10
November,2018,Region II,2522,5,11,2018-11-01,2018-11
December,2018,Region II,2497,17,12,2018-12-01,2018-12
January,2019,Region II,1797,18,1,2019-01-01,2019-01
February,2019,Region II,2136,3,2,2019-02-01,2019-02
March,2019,Region II,1355,2,3,2019-03-01,2019-03
April,2019,Region II,429,2,4,2019-04-01,2019-04
May,2019,Region II,486,3,5,2019-05-01,2019-05
June,2019,Region II,1171,3,6,2019-06-01,2019-06
July,2019,Region II,1922,15,7,2019-07-01,2019-07
August,2019,Region II,2446,12,8,2019-08-01,2019-08
September,2019,Region II,2152,11,9,2019-09-01,2019-09
October,2019,Region II,1202,3,10,2019-10-01,2019-10
November,2019,Region II,957,5,11,2019-11-01,2019-11
December,2019,Region II,581,0,12,2019-12-01,2019-12
January,2020,Region II,324,4,1,2020-01-01,2020-01
February,2020,Region II,436,0,2,2020-02-01,2020-02
March,2020,Region II,117,0,3,2020-03-01,2020-03
April,2020,Region II,18,0,4,2020-04-01,2020-04
May,2020,Region II,17,0,5,2020-05-01,2020-05
June,2020,Region II,30,0,6,2020-06-01,2020-06
July,2020,Region II,54,0,7,2020-07-01,2020-07
August,2020,Region II,108,2,8,2020-08-01,2020-08
September,2020,Region II,109,1,9,2020-09-01,2020-09
October,2020,Region II,158,2,10,2020-10-01,2020-10
November,2020,Region II,161,0,11,2020-11-01,2020-11
December,2020,Region II,96,0,12,2020-12-01,2020-12
January,2016,Region III,1976,3,1,2016-01-01,2016-01
February,2016,Region III,1748,5,2,2016-02-01,2016-02
March,2016,Region III,883,3,3,2016-03-01,2016-03
April,2016,Region III,549,0,4,2016-04-01,2016-04
May,2016,Region III,365,0,5,2016-05-01,2016-05
June,2016,Region III,363,0,6,2016-06-01,2016-06
July,2016,Region III,1701,5,7,2016-07-01,2016-07
August,2016,Region III,2877,8,8,2016-08-01,2016-08
September,2016,Region III,3194,12,9,2016-09-01,2016-09
October,2016,Region III,3155,11,10,2016-10-01,2016-10
November,2016,Region III,2207,13,11,2016-11-01,2016-11
December,2016,Region III,1971,5,12,2016-12-01,2016-12
January,2017,Region III,2301,6,1,2017-01-01,2017-01
February,2017,Region III,1264,9,2,2017-02-01,2017-02
March,2017,Region III,1006,3,3,2017-03-01,2017-03
April,2017,Region III,644,3,4,2017-04-01,2017-04
May,2017,Region III,430,2,5,2017-05-01,2017-05
June,2017,Region III,756,2,6,2017-06-01,2017-06
July,2017,Region III,3263,6,7,2017-07-01,2017-07
August,2017,Region III,4764,18,8,2017-08-01,2017-08
September,2017,Region III,3263,9,9,2017-09-01,2017-09
October,2017,Region III,2811,6,10,2017-10-01,2017-10
November,2017,Region III,2310,7,11,2017-11-01,2017-11
December,2017,Region III,2388,10,12,2017-12-01,2017-12
January,2018,Region III,2497,5,1,2018-01-01,2018-01
February,2018,Region III,1829,4,2,2018-02-01,2018-02
March,2018,Region III,1237,3,3,2018-03-01,2018-03
April,2018,Region III,724,1,4,2018-04-01,2018-04
May,2018,Region III,695,2,5,2018-05-01,2018-05
June,2018,Region III,1174,5,6,2018-06-01,2018-06
July,2018,Region III,4576,19,7,2018-07-01,2018-07
August,2018,Region III,5581,18,8,2018-08-01,2018-08
September,2018,Region III,5026,12,9,2018-09-01,2018-09
October,2018,Region III,3302,5,10,2018-10-01,2018-10
November,2018,Region III,2859,7,11,2018-11-01,2018-11
December,2018,Region III,2226,4,12,2018-12-01,2018-12
January,2019,Region III,1813,4,1,2019-01-01,2019-01
February,2019,Region III,1840,5,2,2019-02-01,2019-02
March,2019,Region III,1230,3,3,2019-03-01,2019-03
April,2019,Region III,460,1,4,2019-04-01,2019-04
May,2019,Region III,428,1,5,2019-05-01,2019-05
June,2019,Region III,1371,4,6,2019-06-01,2019-06
July,2019,Region III,2228,18,7,2019-07-01,2019-07
August,2019,Region III,6593,17,8,2019-08-01,2019-08
September,2019,Region III,9713,121,9,2019-09-01,2019-09
October,2019,Region III,5682,5,10,2019-10-01,2019-10
November,2019,Region III,3003,4,11,2019-11-01,2019-11
December,2019,Region III,2797,11,12,2019-12-01,2019-12
January,2020,Region III,2859,6,1,2020-01-01,2020-01
February,2020,Region III,3091,14,2,2020-02-01,2020-02
March,2020,Region III,1404,4,3,2020-03-01,2020-03
April,2020,Region III,207,0,4,2020-04-01,2020-04
May,2020,Region III,201,0,5,2020-05-01,2020-05
June,2020,Region III,280,3,6,2020-06-01,2020-06
July,2020,Region III,698,12,7,2020-07-01,2020-07
August,2020,Region III,1272,3,8,2020-08-01,2020-08
September,2020,Region III,1073,3,9,2020-09-01,2020-09
October,2020,Region III,1013,5,10,2020-10-01,2020-10
November,2020,Region III,1731,1,11,2020-11-01,2020-11
December,2020,Region III,2162,6,12,2020-12-01,2020-12
January,2016,Region IV-A,2993,14,1,2016-01-01,2016-01
February,2016,Region IV-A,2035,5,2,2016-02-01,2016-02
March,2016,Region IV-A,1327,9,3,2016-03-01,2016-03
April,2016,Region IV-A,838,1,4,2016-04-01,2016-04
May,2016,Region IV-A,714,1,5,2016-05-01,2016-05
June,2016,Region IV-A,778,4,6,2016-06-01,2016-06
July,2016,Region IV-A,2270,6,7,2016-07-01,2016-07
August,2016,Region IV-A,3218,2,8,2016-08-01,2016-08
September,2016,Region IV-A,3454,28,9,2016-09-01,2016-09
October,2016,Region IV-A,3175,20,10,2016-10-01,2016-10
November,2016,Region IV-A,2023,10,11,2016-11-01,2016-11
December,2016,Region IV-A,1457,8,12,2016-12-01,2016-12
January,2017,Region IV-A,1764,14,1,2017-01-01,2017-01
February,2017,Region IV-A,1243,5,2,2017-02-01,2017-02
March,2017,Region IV-A,927,2,3,2017-03-01,2017-03
April,2017,Region IV-A,647,0,4,2017-04-01,2017-04
May,2017,Region IV-A,435,1,5,2017-05-01,2017-05
June,2017,Region IV-A,815,5,6,2017-06-01,2017-06
July,2017,Region IV-A,2727,5,7,2017-07-01,2017-07
August,2017,Region IV-A,3121,17,8,2017-08-01,2017-08
September,2017,Region IV-A,2520,6,9,2017-09-01,2017-09
October,2017,Region IV-A,2759,20,10,2017-10-01,2017-10
November,2017,Region IV-A,2635,21,11,2017-11-01,2017-11
December,2017,Region IV-A,2828,14,12,2017-12-01,2017-12
January,2018,Region IV-A,2457,17,1,2018-01-01,2018-01
February,2018,Region IV-A,1975,9,2,2018-02-01,2018-02
March,2018,Region IV-A,1494,10,3,2018-03-01,2018-03
April,2018,Region IV-A,946,10,4,2018-04-01,2018-04
May,2018,Region IV-A,675,4,5,2018-05-01,2018-05
June,2018,Region IV-A,991,2,6,2018-06-01,2018-06
July,2018,Region IV-A,2793,17,7,2018-07-01,2018-07
August,2018,Region IV-A,3756,18,8,2018-08-01,2018-08
September,2018,Region IV-A,4697,31,9,2018-09-01,2018-09
October,2018,Region IV-A,3914,18,10,2018-10-01,2018-10
November,2018,Region IV-A,3575,16,11,2018-11-01,2018-11
December,2018,Region IV-A,3137,5,12,2018-12-01,2018-12
January,2019,Region IV-A,2157,6,1,2019-01-01,2019-01
February,2019,Region IV-A,3252,14,2,2019-02-01,2019-02
March,2019,Region IV-A,2252,13,3,2019-03-01,2019-03
April,2019,Region IV-A,892,3,4,2019-04-01,2019-04
May,2019,Region IV-A,909,9,5,2019-05-01,2019-05
June,2019,Region IV-A,2531,8,6,2019-06-01,2019-06
July,2019,Region IV-A,6365,21,7,2019-07-01,2019-07
August,2019,Region IV-A,15047,39,8,2019-08-01,2019-08
September,2019,Region IV-A,21658,48,9,2019-09-01,2019-09
October,2019,Region IV-A,10365,37,10,2019-10-01,2019-10
November,2019,Region IV-A,5899,23,11,2019-11-01,2019-11
December,2019,Region IV-A,4868,21,12,2019-12-01,2019-12
January,2020,Region IV-A,3175,11,1,2020-01-01,2020-01
February,2020,Region IV-A,2581,3,2,2020-02-01,2020-02
March,2020,Region IV-A,1504,6,3,2020-03-01,2020-03
April,2020,Region IV-A,151,0,4,2020-04-01,2020-04
May,2020,Region IV-A,77,1,5,2020-05-01,2020-05
June,2020,Region IV-A,105,0,6,2020-06-01,2020-06
July,2020,Region IV-A,212,0,7,2020-07-01,2020-07
August,2020,Region IV-A,291,1,8,2020-08-01,2020-08
September,2020,Region IV-A,231,4,9,2020-09-01,2020-09
October,2020,Region IV-A,325,2,10,2020-10-01,2020-10
November,2020,Region IV-A,542,3,11,2020-11-01,2020-11
December,2020,Region IV-A,527,4,12,2020-12-01,2020-12
January,2016,Region IV-B,203,1,1,2016-01-01,2016-01
February,2016,Region IV-B,219,0,2,2016-02-01,2016-02
March,2016,Region IV-B,211,1,3,2016-03-01,2016-03
April,2016,Region IV-B,181,2,4,2016-04-01,2016-04
May,2016,Region IV-B,203,5,5,2016-05-01,2016-05
June,2016,Region IV-B,263,0,6,2016-06-01,2016-06
July,2016,Region IV-B,735,2,7,2016-07-01,2016-07
August,2016,Region IV-B,778,3,8,2016-08-01,2016-08
September,2016,Region IV-B,469,2,9,2016-09-01,2016-09
October,2016,Region IV-B,388,1,10,2016-10-01,2016-10
November,2016,Region IV-B,214,1,11,2016-11-01,2016-11
December,2016,Region IV-B,135,0,12,2016-12-01,2016-12
January,2017,Region IV-B,243,0,1,2017-01-01,2017-01
February,2017,Region IV-B,255,0,2,2017-02-01,2017-02
March,2017,Region IV-B,147,0,3,2017-03-01,2017-03
April,2017,Region IV-B,69,1,4,2017-04-01,2017-04
May,2017,Region IV-B,94,0,5,2017-05-01,2017-05
June,2017,Region IV-B,232,0,6,2017-06-01,2017-06
July,2017,Region IV-B,393,1,7,2017-07-01,2017-07
August,2017,Region IV-B,412,1,8,2017-08-01,2017-08
September,2017,Region IV-B,286,2,9,2017-09-01,2017-09
October,2017,Region IV-B,247,5,10,2017-10-01,2017-10
November,2017,Region IV-B,203,1,11,2017-11-01,2017-11
December,2017,Region IV-B,189,1,12,2017-12-01,2017-12
January,2018,Region IV-B,214,1,1,2018-01-01,2018-01
February,2018,Region IV-B,277,2,2,2018-02-01,2018-02
March,2018,Region IV-B,203,2,3,2018-03-01,2018-03
April,2018,Region IV-B,198,2,4,2018-04-01,2018-04
May,2018,Region IV-B,238,1,5,2018-05-01,2018-05
June,2018,Region IV-B,471,2,6,2018-06-01,2018-06
July,2018,Region IV-B,1650,6,7,2018-07-01,2018-07
August,2018,Region IV-B,1489,17,8,2018-08-01,2018-08
September,2018,Region IV-B,1582,12,9,2018-09-01,2018-09
October,2018,Region IV-B,637,3,10,2018-10-01,2018-10
November,2018,Region IV-B,470,1,11,2018-11-01,2018-11
December,2018,Region IV-B,590,2,12,2018-12-01,2018-12
January,2019,Region IV-B,435,3,1,2019-01-01,2019-01
February,2019,Region IV-B,710,2,2,2019-02-01,2019-02
March,2019,Region IV-B,799,2,3,2019-03-01,2019-03
April,2019,Region IV-B,364,2,4,2019-04-01,2019-04
May,2019,Region IV-B,248,0,5,2019-05-01,2019-05
June,2019,Region IV-B,941,1,6,2019-06-01,2019-06
July,2019,Region IV-B,1628,2,7,2019-07-01,2019-07
August,2019,Region IV-B,2125,4,8,2019-08-01,2019-08
September,2019,Region IV-B,1995,4,9,2019-09-01,2019-09
October,2019,Region IV-B,710,4,10,2019-10-01,2019-10
November,2019,Region IV-B,616,2,11,2019-11-01,2019-11
December,2019,Region IV-B,413,0,12,2019-12-01,2019-12
January,2020,Region IV-B,320,0,1,2020-01-01,2020-01
February,2020,Region IV-B,607,2,2,2020-02-01,2020-02
March,2020,Region IV-B,537,2,3,2020-03-01,2020-03
April,2020,Region IV-B,77,0,4,2020-04-01,2020-04
May,2020,Region IV-B,111,0,5,2020-05-01,2020-05
June,2020,Region IV-B,196,0,6,2020-06-01,2020-06
July,2020,Region IV-B,467,0,7,2020-07-01,2020-07
August,2020,Region IV-B,1048,3,8,2020-08-01,2020-08
September,2020,Region IV-B,694,1,9,2020-09-01,2020-09
October,2020,Region IV-B,438,2,10,2020-10-01,2020-10
November,2020,Region IV-B,390,13,11,2020-11-01,2020-11
December,2020,Region IV-B,192,0,12,2020-12-01,2020-12
January,2016,Region V,237,0,1,2016-01-01,2016-01
February,2016,Region V,161,0,2,2016-02-01,2016-02
March,2016,Region V,118,2,3,2016-03-01,2016-03
April,2016,Region V,94,1,4,2016-04-01,2016-04
May,2016,Region V,96,0,5,2016-05-01,2016-05
June,2016,Region V,106,0,6,2016-06-01,2016-06
July,2016,Region V,248,2,7,2016-07-01,2016-07
August,2016,Region V,346,1,8,2016-08-01,2016-08
September,2016,Region V,378,7,9,2016-09-01,2016-09
October,2016,Region V,319,3,10,2016-10-01,2016-10
November,2016,Region V,242,0,11,2016-11-01,2016-11
December,2016,Region V,187,0,12,2016-12-01,2016-12
January,2017,Region V,232,1,1,2017-01-01,2017-01
February,2017,Region V,178,1,2,2017-02-01,2017-02
March,2017,Region V,111,0,3,2017-03-01,2017-03
April,2017,Region V,130,1,4,2017-04-01,2017-04
May,2017,Region V,66,1,5,2017-05-01,2017-05
June,2017,Region V,163,1,6,2017-06-01,2017-06
July,2017,Region V,373,1,7,2017-07-01,2017-07
August,2017,Region V,435,2,8,2017-08-01,2017-08
September,2017,Region V,367,2,9,2017-09-01,2017-09
October,2017,Region V,508,5,10,2017-10-01,2017-10
November,2017,Region V,323,6,11,2017-11-01,2017-11
December,2017,Region V,339,3,12,2017-12-01,2017-12
January,2018,Region V,297,3,1,2018-01-01,2018-01
February,2018,Region V,168,2,2,2018-02-01,2018-02
March,2018,Region V,157,0,3,2018-03-01,2018-03
April,2018,Region V,173,1,4,2018-04-01,2018-04
May,2018,Region V,136,1,5,2018-05-01,2018-05
June,2018,Region V,235,7,6,2018-06-01,2018-06
July,2018,Region V,408,3,7,2018-07-01,2018-07
August,2018,Region V,355,3,8,2018-08-01,2018-08
September,2018,Region V,397,6,9,2018-09-01,2018-09
October,2018,Region V,320,3,10,2018-10-01,2018-10
November,2018,Region V,355,3,11,2018-11-01,2018-11
December,2018,Region V,547,4,12,2018-12-01,2018-12
January,2019,Region V,342,2,1,2019-01-01,2019-01
February,2019,Region V,387,9,2,2019-02-01,2019-02
March,2019,Region V,436,7,3,2019-03-01,2019-03
April,2019,Region V,223,2,4,2019-04-01,2019-04
May,2019,Region V,205,3,5,2019-05-01,2019-05
June,2019,Region V,547,9,6,2019-06-01,2019-06
July,2019,Region V,1371,10,7,2019-07-01,2019-07
August,2019,Region V,2281,12,8,2019-08-01,2019-08
September,2019,Region V,2846,16,9,2019-09-01,2019-09
October,2019,Region V,1292,7,10,2019-10-01,2019-10
November,2019,Region V,648,4,11,2019-11-01,2019-11
December,2019,Region V,563,7,12,2019-12-01,2019-12
January,2020,Region V,404,2,1,2020-01-01,2020-01
February,2020,Region V,394,3,2,2020-02-01,2020-02
March,2020,Region V,335,5,3,2020-03-01,2020-03
April,2020,Region V,86,3,4,2020-04-01,2020-04
May,2020,Region V,74,0,5,2020-05-01,2020-05
June,2020,Region V,55,1,6,2020-06-01,2020-06
July,2020,Region V,47,1,7,2020-07-01,2020-07
August,2020,Region V,83,4,8,2020-08-01,2020-08
September,2020,Region V,60,0,9,2020-09-01,2020-09
October,2020,Region V,53,0,10,2020-10-01,2020-10
November,2020,Region V,61,1,11,2020-11-01,2020-11
December,2020,Region V,69,1,12,2020-12-01,2020-12
January,2016,Region VI,971,1,1,2016-01-01,2016-01
February,2016,Region VI,674,2,2,2016-02-01,2016-02
March,2016,Region VI,596,1,3,2016-03-01,2016-03
April,2016,Region VI,560,1,4,2016-04-01,2016-04
May,2016,Region VI,782,3,5,2016-05-01,2016-05
June,2016,Region VI,1137,4,6,2016-06-01,2016-06
July,2016,Region VI,4993,17,7,2016-07-01,2016-07
August,2016,Region VI,7155,22,8,2016-08-01,2016-08
September,2016,Region VI,5039,16,9,2016-09-01,2016-09
October,2016,Region VI,2562,12,10,2016-10-01,2016-10
November,2016,Region VI,1058,5,11,2016-11-01,2016-11
December,2016,Region VI,643,3,12,2016-12-01,2016-12
January,2017,Region VI,727,5,1,2017-01-01,2017-01
February,2017,Region VI,454,5,2,2017-02-01,2017-02
March,2017,Region VI,336,2,3,2017-03-01,2017-03
April,2017,Region VI,310,6,4,2017-04-01,2017-04
May,2017,Region VI,346,3,5,2017-05-01,2017-05
June,2017,Region VI,630,5,6,2017-06-01,2017-06
July,2017,Region VI,1577,12,7,2017-07-01,2017-07
August,2017,Region VI,2291,10,8,2017-08-01,2017-08
September,2017,Region VI,686,648,9,2017-09-01,2017-09
October,2017,Region VI,488,668,10,2017-10-01,2017-10
November,2017,Region VI,627,8,11,2017-11-01,2017-11
December,2017,Region VI,811,8,12,2017-12-01,2017-12
January,2018,Region VI,755,3,1,2018-01-01,2018-01
February,2018,Region VI,574,3,2,2018-02-01,2018-02
March,2018,Region VI,456,6,3,2018-03-01,2018-03
April,2018,Region VI,487,5,4,2018-04-01,2018-04
May,2018,Region VI,545,2,5,2018-05-01,2018-05
June,2018,Region VI,1017,13,6,2018-06-01,2018-06
July,2018,Region VI,2701,15,7,2018-07-01,2018-07
August,2018,Region VI,2639,16,8,2018-08-01,2018-08
September,2018,Region VI,2846,21,9,2018-09-01,2018-09
October,2018,Region VI,1903,9,10,2018-10-01,2018-10
November,2018,Region VI,1724,9,11,2018-11-01,2018-11
December,2018,Region VI,1935,7,12,2018-12-01,2018-12
January,2019,Region VI,1426,10,1,2019-01-01,2019-01
February,2019,Region VI,2003,8,2,2019-02-01,2019-02
March,2019,Region VI,2262,19,3,2019-03-01,2019-03
April,2019,Region VI,1199,7,4,2019-04-01,2019-04
May,2019,Region VI,1386,9,5,2019-05-01,2019-05
June,2019,Region VI,4859,31,6,2019-06-01,2019-06
July,2019,Region VI,13564,48,7,2019-07-01,2019-07
August,2019,Region VI,18090,54,8,2019-08-01,2019-08
September,2019,Region VI,9048,32,9,2019-09-01,2019-09
October,2019,Region VI,3475,8,10,2019-10-01,2019-10
November,2019,Region VI,1881,4,11,2019-11-01,2019-11
December,2019,Region VI,1164,3,12,2019-12-01,2019-12
January,2020,Region VI,660,0,1,2020-01-01,2020-01
February,2020,Region VI,784,1,2,2020-02-01,2020-02
March,2020,Region VI,630,2,3,2020-03-01,2020-03
April,2020,Region VI,167,0,4,2020-04-01,2020-04
May,2020,Region VI,138,1,5,2020-05-01,2020-05
June,2020,Region VI,272,1,6,2020-06-01,2020-06
July,2020,Region VI,388,2,7,2020-07-01,2020-07
August,2020,Region VI,473,4,8,2020-08-01,2020-08
September,2020,Region VI,169,2,9,2020-09-01,2020-09
October,2020,Region VI,115,1,10,2020-10-01,2020-10
November,2020,Region VI,197,2,11,2020-11-01,2020-11
December,2020,Region VI,138,0,12,2020-12-01,2020-12
January,2016,Region VII,1690,10,1,2016-01-01,2016-01
February,2016,Region VII,1175,7,2,2016-02-01,2016-02
March,2016,Region VII,1220,5,3,2016-03-01,2016-03
April,2016,Region VII,984,15,4,2016-04-01,2016-04
May,2016,Region VII,916,7,5,2016-05-01,2016-05
June,2016,Region VII,756,8,6,2016-06-01,2016-06
July,2016,Region VII,2473,20,7,2016-07-01,2016-07
August,2016,Region VII,4424,32,8,2016-08-01,2016-08
September,2016,Region VII,4458,31,9,2016-09-01,2016-09
October,2016,Region VII,4531,46,10,2016-10-01,2016-10
November,2016,Region VII,3771,36,11,2016-11-01,2016-11
December,2016,Region VII,2997,26,12,2016-12-01,2016-12
January,2017,Region VII,2750,28,1,2017-01-01,2017-01
February,2017,Region VII,1598,15,2,2017-02-01,2017-02
March,2017,Region VII,1058,11,3,2017-03-01,2017-03
April,2017,Region VII,750,16,4,2017-04-01,2017-04
May,2017,Region VII,537,3,5,2017-05-01,2017-05
June,2017,Region VII,718,6,6,2017-06-01,2017-06
July,2017,Region VII,1234,9,7,2017-07-01,2017-07
August,2017,Region VII,2647,10,8,2017-08-01,2017-08
September,2017,Region VII,2570,492,9,2017-09-01,2017-09
October,2017,Region VII,421,584,10,2017-10-01,2017-10
November,2017,Region VII,691,6,11,2017-11-01,2017-11
December,2017,Region VII,966,9,12,2017-12-01,2017-12
January,2018,Region VII,659,4,1,2018-01-01,2018-01
February,2018,Region VII,567,1,2,2018-02-01,2018-02
March,2018,Region VII,478,7,3,2018-03-01,2018-03
April,2018,Region VII,402,1,4,2018-04-01,2018-04
May,2018,Region VII,328,5,5,2018-05-01,2018-05
June,2018,Region VII,636,3,6,2018-06-01,2018-06
July,2018,Region VII,1539,6,7,2018-07-01,2018-07
August,2018,Region VII,2417,12,8,2018-08-01,2018-08
September,2018,Region VII,2830,5,9,2018-09-01,2018-09
October,2018,Region VII,3185,32,10,2018-10-01,2018-10
November,2018,Region VII,4123,29,11,2018-11-01,2018-11
December,2018,Region VII,4725,26,12,2018-12-01,2018-12
January,2019,Region VII,2461,17,1,2019-01-01,2019-01
February,2019,Region VII,2815,13,2,2019-02-01,2019-02
March,2019,Region VII,1831,9,3,2019-03-01,2019-03
April,2019,Region VII,571,4,4,2019-04-01,2019-04
May,2019,Region VII,535,6,5,2019-05-01,2019-05
June,2019,Region VII,1030,14,6,2019-06-01,2019-06
July,2019,Region VII,2124,14,7,2019-07-01,2019-07
August,2019,Region VII,3858,12,8,2019-08-01,2019-08
September,2019,Region VII,5534,16,9,2019-09-01,2019-09
October,2019,Region VII,3791,7,10,2019-10-01,2019-10
November,2019,Region VII,2823,15,11,2019-11-01,2019-11
December,2019,Region VII,3680,16,12,2019-12-01,2019-12
January,2020,Region VII,3389,8,1,2020-01-01,2020-01
February,2020,Region VII,3464,18,2,2020-02-01,2020-02
March,2020,Region VII,2119,6,3,2020-03-01,2020-03
April,2020,Region VII,578,2,4,2020-04-01,2020-04
May,2020,Region VII,290,3,5,2020-05-01,2020-05
June,2020,Region VII,252,2,6,2020-06-01,2020-06
July,2020,Region VII,355,3,7,2020-07-01,2020-07
August,2020,Region VII,626,5,8,2020-08-01,2020-08
September,2020,Region VII,473,4,9,2020-09-01,2020-09
October,2020,Region VII,350,0,10,2020-10-01,2020-10
November,2020,Region VII,303,3,11,2020-11-01,2020-11
December,2020,Region VII,207,0,12,2020-12-01,2020-12
January,2016,Region VIII,469,4,1,2016-01-01,2016-01
February,2016,Region VIII,376,1,2,2016-02-01,2016-02
March,2016,Region VIII,273,2,3,2016-03-01,2016-03
April,2016,Region VIII,217,0,4,2016-04-01,2016-04
May,2016,Region VIII,364,3,5,2016-05-01,2016-05
June,2016,Region VIII,426,11,6,2016-06-01,2016-06
July,2016,Region VIII,921,7,7,2016-07-01,2016-07
August,2016,Region VIII,839,7,8,2016-08-01,2016-08
September,2016,Region VIII,575,4,9,2016-09-01,2016-09
October,2016,Region VIII,421,0,10,2016-10-01,2016-10
November,2016,Region VIII,278,0,11,2016-11-01,2016-11
December,2016,Region VIII,229,3,12,2016-12-01,2016-12
January,2017,Region VIII,620,3,1,2017-01-01,2017-01
February,2017,Region VIII,438,0,2,2017-02-01,2017-02
March,2017,Region VIII,323,1,3,2017-03-01,2017-03
April,2017,Region VIII,356,1,4,2017-04-01,2017-04
May,2017,Region VIII,220,2,5,2017-05-01,2017-05
June,2017,Region VIII,236,2,6,2017-06-01,2017-06
July,2017,Region VIII,433,2,7,2017-07-01,2017-07
August,2017,Region VIII,417,0,8,2017-08-01,2017-08
September,2017,Region VIII,198,147,9,2017-09-01,2017-09
October,2017,Region VIII,144,236,10,2017-10-01,2017-10
November,2017,Region VIII,191,2,11,2017-11-01,2017-11
December,2017,Region VIII,340,2,12,2017-12-01,2017-12
January,2018,Region VIII,485,2,1,2018-01-01,2018-01
February,2018,Region VIII,313,4,2,2018-02-01,2018-02
March,2018,Region VIII,241,4,3,2018-03-01,2018-03
April,2018,Region VIII,270,1,4,2018-04-01,2018-04
May,2018,Region VIII,325,1,5,2018-05-01,2018-05
June,2018,Region VIII,503,4,6,2018-06-01,2018-06
July,2018,Region VIII,813,6,7,2018-07-01,2018-07
August,2018,Region VIII,1106,4,8,2018-08-01,2018-08
September,2018,Region VIII,1315,6,9,2018-09-01,2018-09
October,2018,Region VIII,1563,3,10,2018-10-01,2018-10
November,2018,Region VIII,1781,11,11,2018-11-01,2018-11
December,2018,Region VIII,2261,14,12,2018-12-01,2018-12
January,2019,Region VIII,1000,5,1,2019-01-01,2019-01
February,2019,Region VIII,1178,5,2,2019-02-01,2019-02
March,2019,Region VIII,815,1,3,2019-03-01,2019-03
April,2019,Region VIII,488,5,4,2019-04-01,2019-04
May,2019,Region VIII,427,3,5,2019-05-01,2019-05
June,2019,Region VIII,1031,4,6,2019-06-01,2019-06
July,2019,Region VIII,3699,11,7,2019-07-01,2019-07
August,2019,Region VIII,7557,19,8,2019-08-01,2019-08
September,2019,Region VIII,6084,9,9,2019-09-01,2019-09
October,2019,Region VIII,2634,4,10,2019-10-01,2019-10
November,2019,Region VIII,1218,5,11,2019-11-01,2019-11
December,2019,Region VIII,740,2,12,2019-12-01,2019-12
January,2020,Region VIII,897,3,1,2020-01-01,2020-01
February,2020,Region VIII,1500,3,2,2020-02-01,2020-02
March,2020,Region VIII,1210,2,3,2020-03-01,2020-03
April,2020,Region VIII,279,1,4,2020-04-01,2020-04
May,2020,Region VIII,192,0,5,2020-05-01,2020-05
June,2020,Region VIII,129,1,6,2020-06-01,2020-06
July,2020,Region VIII,121,0,7,2020-07-01,2020-07
August,2020,Region VIII,138,0,8,2020-08-01,2020-08
September,2020,Region VIII,120,1,9,2020-09-01,2020-09
October,2020,Region VIII,95,0,10,2020-10-01,2020-10
November,2020,Region VIII,110,1,11,2020-11-01,2020-11
December,2020,Region VIII,41,0,12,2020-12-01,2020-12
January,2016,Region IX,596,2,1,2016-01-01,2016-01
February,2016,Region IX,432,2,2,2016-02-01,2016-02
March,2016,Region IX,414,1,3,2016-03-01,2016-03
April,2016,Region IX,286,1,4,2016-04-01,2016-04
May,2016,Region IX,451,3,5,2016-05-01,2016-05
June,2016,Region IX,641,5,6,2016-06-01,2016-06
July,2016,Region IX,1025,4,7,2016-07-01,2016-07
August,2016,Region IX,1016,4,8,2016-08-01,2016-08
September,2016,Region IX,693,4,9,2016-09-01,2016-09
October,2016,Region IX,690,5,10,2016-10-01,2016-10
November,2016,Region IX,520,6,11,2016-11-01,2016-11
December,2016,Region IX,451,4,12,2016-12-01,2016-12
January,2017,Region IX,527,4,1,2017-01-01,2017-01
February,2017,Region IX,404,2,2,2017-02-01,2017-02
March,2017,Region IX,261,1,3,2017-03-01,2017-03
April,2017,Region IX,291,0,4,2017-04-01,2017-04
May,2017,Region IX,293,1,5,2017-05-01,2017-05
June,2017,Region IX,521,5,6,2017-06-01,2017-06
July,2017,Region IX,882,5,7,2017-07-01,2017-07
August,2017,Region IX,468,0,8,2017-08-01,2017-08
September,2017,Region IX,115,116,9,2017-09-01,2017-09
October,2017,Region IX,108,176,10,2017-10-01,2017-10
November,2017,Region IX,196,2,11,2017-11-01,2017-11
December,2017,Region IX,208,1,12,2017-12-01,2017-12
January,2018,Region IX,299,3,1,2018-01-01,2018-01
February,2018,Region IX,341,2,2,2018-02-01,2018-02
March,2018,Region IX,288,3,3,2018-03-01,2018-03
April,2018,Region IX,220,0,4,2018-04-01,2018-04
May,2018,Region IX,315,2,5,2018-05-01,2018-05
June,2018,Region IX,366,1,6,2018-06-01,2018-06
July,2018,Region IX,754,5,7,2018-07-01,2018-07
August,2018,Region IX,780,11,8,2018-08-01,2018-08
September,2018,Region IX,658,4,9,2018-09-01,2018-09
October,2018,Region IX,630,7,10,2018-10-01,2018-10
November,2018,Region IX,700,11,11,2018-11-01,2018-11
December,2018,Region IX,810,5,12,2018-12-01,2018-12
January,2019,Region IX,775,7,1,2019-01-01,2019-01
February,2019,Region IX,1003,5,2,2019-02-01,2019-02
March,2019,Region IX,1105,10,3,2019-03-01,2019-03
April,2019,Region IX,948,11,4,2019-04-01,2019-04
May,2019,Region IX,1602,8,5,2019-05-01,2019-05
June,2019,Region IX,3201,11,6,2019-06-01,2019-06
July,2019,Region IX,7024,20,7,2019-07-01,2019-07
August,2019,Region IX,4233,20,8,2019-08-01,2019-08
September,2019,Region IX,3304,4,9,2019-09-01,2019-09
October,2019,Region IX,1773,7,10,2019-10-01,2019-10
November,2019,Region IX,1507,3,11,2019-11-01,2019-11
December,2019,Region IX,972,2,12,2019-12-01,2019-12
January,2020,Region IX,577,3,1,2020-01-01,2020-01
February,2020,Region IX,593,3,2,2020-02-01,2020-02
March,2020,Region IX,433,1,3,2020-03-01,2020-03
April,2020,Region IX,115,2,4,2020-04-01,2020-04
May,2020,Region IX,164,1,5,2020-05-01,2020-05
June,2020,Region IX,124,1,6,2020-06-01,2020-06
July,2020,Region IX,168,0,7,2020-07-01,2020-07
August,2020,Region IX,213,1,8,2020-08-01,2020-08
September,2020,Region IX,107,3,9,2020-09-01,2020-09
October,2020,Region IX,79,0,10,2020-10-01,2020-10
November,2020,Region IX,60,0,11,2020-11-01,2020-11
December,2020,Region IX,51,1,12,2020-12-01,2020-12
January,2016,Region X,1450,4,1,2016-01-01,2016-01
February,2016,Region X,1184,3,2,2016-02-01,2016-02
March,2016,Region X,944,2,3,2016-03-01,2016-03
April,2016,Region X,768,3,4,2016-04-01,2016-04
May,2016,Region X,825,4,5,2016-05-01,2016-05
June,2016,Region X,973,4,6,2016-06-01,2016-06
July,2016,Region X,2519,10,7,2016-07-01,2016-07
August,2016,Region X,2897,11,8,2016-08-01,2016-08
September,2016,Region X,2386,10,9,2016-09-01,2016-09
October,2016,Region X,1794,10,10,2016-10-01,2016-10
November,2016,Region X,1066,6,11,2016-11-01,2016-11
December,2016,Region X,874,2,12,2016-12-01,2016-12
January,2017,Region X,1097,4,1,2017-01-01,2017-01
February,2017,Region X,600,2,2,2017-02-01,2017-02
March,2017,Region X,482,4,3,2017-03-01,2017-03
April,2017,Region X,451,2,4,2017-04-01,2017-04
May,2017,Region X,356,2,5,2017-05-01,2017-05
June,2017,Region X,451,1,6,2017-06-01,2017-06
July,2017,Region X,686,3,7,2017-07-01,2017-07
August,2017,Region X,1354,4,8,2017-08-01,2017-08
September,2017,Region X,290,243,9,2017-09-01,2017-09
October,2017,Region X,227,282,10,2017-10-01,2017-10
November,2017,Region X,276,1,11,2017-11-01,2017-11
December,2017,Region X,409,0,12,2017-12-01,2017-12
January,2018,Region X,429,4,1,2018-01-01,2018-01
February,2018,Region X,482,3,2,2018-02-01,2018-02
March,2018,Region X,655,11,3,2018-03-01,2018-03
April,2018,Region X,813,6,4,2018-04-01,2018-04
May,2018,Region X,833,6,5,2018-05-01,2018-05
June,2018,Region X,1535,10,6,2018-06-01,2018-06
July,2018,Region X,3062,16,7,2018-07-01,2018-07
August,2018,Region X,2856,11,8,2018-08-01,2018-08
September,2018,Region X,3864,9,9,2018-09-01,2018-09
October,2018,Region X,2341,7,10,2018-10-01,2018-10
November,2018,Region X,3672,6,11,2018-11-01,2018-11
December,2018,Region X,2955,12,12,2018-12-01,2018-12
January,2019,Region X,1476,0,1,2019-01-01,2019-01
February,2019,Region X,1710,6,2,2019-02-01,2019-02
March,2019,Region X,1684,14,3,2019-03-01,2019-03
April,2019,Region X,992,5,4,2019-04-01,2019-04
May,2019,Region X,1184,3,5,2019-05-01,2019-05
June,2019,Region X,2415,6,6,2019-06-01,2019-06
July,2019,Region X,3893,19,7,2019-07-01,2019-07
August,2019,Region X,4807,17,8,2019-08-01,2019-08
September,2019,Region X,4406,13,9,2019-09-01,2019-09
October,2019,Region X,2023,7,10,2019-10-01,2019-10
November,2019,Region X,1897,2,11,2019-11-01,2019-11
December,2019,Region X,1869,3,12,2019-12-01,2019-12
January,2020,Region X,945,6,1,2020-01-01,2020-01
February,2020,Region X,1150,3,2,2020-02-01,2020-02
March,2020,Region X,966,3,3,2020-03-01,2020-03
April,2020,Region X,323,4,4,2020-04-01,2020-04
May,2020,Region X,330,0,5,2020-05-01,2020-05
June,2020,Region X,309,0,6,2020-06-01,2020-06
July,2020,Region X,465,3,7,2020-07-01,2020-07
August,2020,Region X,597,4,8,2020-08-01,2020-08
September,2020,Region X,357,3,9,2020-09-01,2020-09
October,2020,Region X,221,5,10,2020-10-01,2020-10
November,2020,Region X,281,3,11,2020-11-01,2020-11
December,2020,Region X,281,1,12,2020-12-01,2020-12
January,2016,Region XI,790,6,1,2016-01-01,2016-01
February,2016,Region XI,711,3,2,2016-02-01,2016-02
March,2016,Region XI,564,8,3,2016-03-01,2016-03
April,2016,Region XI,557,4,4,2016-04-01,2016-04
May,2016,Region XI,628,5,5,2016-05-01,2016-05
June,2016,Region XI,1015,14,6,2016-06-01,2016-06
July,2016,Region XI,2330,13,7,2016-07-01,2016-07
August,2016,Region XI,2063,9,8,2016-08-01,2016-08
September,2016,Region XI,1010,12,9,2016-09-01,2016-09
October,2016,Region XI,1035,7,10,2016-10-01,2016-10
November,2016,Region XI,749,9,11,2016-11-01,2016-11
December,2016,Region XI,685,5,12,2016-12-01,2016-12
January,2017,Region XI,847,10,1,2017-01-01,2017-01
February,2017,Region XI,479,5,2,2017-02-01,2017-02
March,2017,Region XI,304,2,3,2017-03-01,2017-03
April,2017,Region XI,253,0,4,2017-04-01,2017-04
May,2017,Region XI,233,1,5,2017-05-01,2017-05
June,2017,Region XI,241,2,6,2017-06-01,2017-06
July,2017,Region XI,411,3,7,2017-07-01,2017-07
August,2017,Region XI,316,3,8,2017-08-01,2017-08
September,2017,Region XI,153,109,9,2017-09-01,2017-09
October,2017,Region XI,58,72,10,2017-10-01,2017-10
November,2017,Region XI,94,0,11,2017-11-01,2017-11
December,2017,Region XI,278,2,12,2017-12-01,2017-12
January,2018,Region XI,234,0,1,2018-01-01,2018-01
February,2018,Region XI,205,1,2,2018-02-01,2018-02
March,2018,Region XI,191,0,3,2018-03-01,2018-03
April,2018,Region XI,223,1,4,2018-04-01,2018-04
May,2018,Region XI,228,1,5,2018-05-01,2018-05
June,2018,Region XI,477,4,6,2018-06-01,2018-06
July,2018,Region XI,783,5,7,2018-07-01,2018-07
August,2018,Region XI,876,4,8,2018-08-01,2018-08
September,2018,Region XI,792,2,9,2018-09-01,2018-09
October,2018,Region XI,609,2,10,2018-10-01,2018-10
November,2018,Region XI,742,1,11,2018-11-01,2018-11
December,2018,Region XI,956,1,12,2018-12-01,2018-12
January,2019,Region XI,627,0,1,2019-01-01,2019-01
February,2019,Region XI,841,5,2,2019-02-01,2019-02
March,2019,Region XI,806,2,3,2019-03-01,2019-03
April,2019,Region XI,339,1,4,2019-04-01,2019-04
May,2019,Region XI,257,0,5,2019-05-01,2019-05
June,2019,Region XI,584,3,6,2019-06-01,2019-06
July,2019,Region XI,1115,10,7,2019-07-01,2019-07
August,2019,Region XI,1284,9,8,2019-08-01,2019-08
September,2019,Region XI,1141,9,9,2019-09-01,2019-09
October,2019,Region XI,534,4,10,2019-10-01,2019-10
November,2019,Region XI,437,2,11,2019-11-01,2019-11
December,2019,Region XI,501,1,12,2019-12-01,2019-12
January,2020,Region XI,220,2,1,2020-01-01,2020-01
February,2020,Region XI,312,0,2,2020-02-01,2020-02
March,2020,Region XI,352,3,3,2020-03-01,2020-03
April,2020,Region XI,80,0,4,2020-04-01,2020-04
May,2020,Region XI,70,0,5,2020-05-01,2020-05
June,2020,Region XI,51,0,6,2020-06-01,2020-06
July,2020,Region XI,126,2,7,2020-07-01,2020-07
August,2020,Region XI,185,3,8,2020-08-01,2020-08
September,2020,Region XI,146,2,9,2020-09-01,2020-09
October,2020,Region XI,113,1,10,2020-10-01,2020-10
November,2020,Region XI,154,0,11,2020-11-01,2020-11
December,2020,Region XI,127,0,12,2020-12-01,2020-12
January,2016,Region XII,1231,9,1,2016-01-01,2016-01
February,2016,Region XII,843,0,2,2016-02-01,2016-02
March,2016,Region XII,666,4,3,2016-03-01,2016-03
April,2016,Region XII,654,2,4,2016-04-01,2016-04
May,2016,Region XII,730,3,5,2016-05-01,2016-05
June,2016,Region XII,1260,5,6,2016-06-01,2016-06
July,2016,Region XII,3251,15,7,2016-07-01,2016-07
August,2016,Region XII,2582,11,8,2016-08-01,2016-08
September,2016,Region XII,1083,1036,9,2016-09-01,2016-09
October,2016,Region XII,928,1270,10,2016-10-01,2016-10
November,2016,Region XII,1216,6,11,2016-11-01,2016-11
December,2016,Region XII,1569,8,12,2016-12-01,2016-12
January,2017,Region XII,1512,8,1,2017-01-01,2017-01
February,2017,Region XII,1012,10,2,2017-02-01,2017-02
March,2017,Region XII,968,3,3,2017-03-01,2017-03
April,2017,Region XII,1070,4,4,2017-04-01,2017-04
May,2017,Region XII,758,2,5,2017-05-01,2017-05
June,2017,Region XII,806,2,6,2017-06-01,2017-06
July,2017,Region XII,771,2,7,2017-07-01,2017-07
August,2017,Region XII,733,1,8,2017-08-01,2017-08
September,2017,Region XII,694,10,9,2017-09-01,2017-09
October,2017,Region XII,549,2,10,2017-10-01,2017-10
November,2017,Region XII,349,0,11,2017-11-01,2017-11
December,2017,Region XII,391,2,12,2017-12-01,2017-12
January,2018,Region XII,433,1,1,2018-01-01,2018-01
February,2018,Region XII,378,1,2,2018-02-01,2018-02
March,2018,Region XII,477,2,3,2018-03-01,2018-03
April,2018,Region XII,476,1,4,2018-04-01,2018-04
May,2018,Region XII,490,2,5,2018-05-01,2018-05
June,2018,Region XII,850,8,6,2018-06-01,2018-06
July,2018,Region XII,1195,5,7,2018-07-01,2018-07
August,2018,Region XII,927,5,8,2018-08-01,2018-08
September,2018,Region XII,1016,6,9,2018-09-01,2018-09
October,2018,Region XII,927,5,10,2018-10-01,2018-10
November,2018,Region XII,855,2,11,2018-11-01,2018-11
December,2018,Region XII,1149,4,12,2018-12-01,2018-12
January,2019,Region XII,978,2,1,2019-01-01,2019-01
February,2019,Region XII,1588,3,2,2019-02-01,2019-02
March,2019,Region XII,1658,12,3,2019-03-01,2019-03
April,2019,Region XII,920,7,4,2019-04-01,2019-04
May,2019,Region XII,1286,4,5,2019-05-01,2019-05
June,2019,Region XII,2689,15,6,2019-06-01,2019-06
July,2019,Region XII,3114,15,7,2019-07-01,2019-07
August,2019,Region XII,3579,4,8,2019-08-01,2019-08
September,2019,Region XII,2434,16,9,2019-09-01,2019-09
October,2019,Region XII,1159,7,10,2019-10-01,2019-10
November,2019,Region XII,753,2,11,2019-11-01,2019-11
December,2019,Region XII,482,4,12,2019-12-01,2019-12
January,2020,Region XII,423,4,1,2020-01-01,2020-01
February,2020,Region XII,648,1,2,2020-02-01,2020-02
March,2020,Region XII,703,2,3,2020-03-01,2020-03
April,2020,Region XII,228,0,4,2020-04-01,2020-04
May,2020,Region XII,316,5,5,2020-05-01,2020-05
June,2020,Region XII,347,3,6,2020-06-01,2020-06
July,2020,Region XII,621,3,7,2020-07-01,2020-07
August,2020,Region XII,550,4,8,2020-08-01,2020-08
September,2020,Region XII,136,117,9,2020-09-01,2020-09
October,2020,Region XII,76,80,10,2020-10-01,2020-10
November,2020,Region XII,117,27,11,2020-11-01,2020-11
December,2020,Region XII,198,2,12,2020-12-01,2020-12
January,2016,Region XIII,1116,6,1,2016-01-01,2016-01
February,2016,Region XIII,679,3,2,2016-02-01,2016-02
March,2016,Region XIII,569,3,3,2016-03-01,2016-03
April,2016,Region XIII,420,1,4,2016-04-01,2016-04
May,2016,Region XIII,566,2,5,2016-05-01,2016-05
June,2016,Region XIII,615,2,6,2016-06-01,2016-06
July,2016,Region XIII,897,2,7,2016-07-01,2016-07
August,2016,Region XIII,851,9,8,2016-08-01,2016-08
September,2016,Region XIII,331,308,9,2016-09-01,2016-09
October,2016,Region XIII,277,481,10,2016-10-01,2016-10
November,2016,Region XIII,396,1,11,2016-11-01,2016-11
December,2016,Region XIII,498,6,12,2016-12-01,2016-12
January,2017,Region XIII,537,4,1,2017-01-01,2017-01
February,2017,Region XIII,290,1,2,2017-02-01,2017-02
March,2017,Region XIII,461,2,3,2017-03-01,2017-03
April,2017,Region XIII,207,0,4,2017-04-01,2017-04
May,2017,Region XIII,155,0,5,2017-05-01,2017-05
June,2017,Region XIII,168,0,6,2017-06-01,2017-06
July,2017,Region XIII,186,1,7,2017-07-01,2017-07
August,2017,Region XIII,216,4,8,2017-08-01,2017-08
September,2017,Region XIII,184,0,9,2017-09-01,2017-09
October,2017,Region XIII,258,1,10,2017-10-01,2017-10
November,2017,Region XIII,119,1,11,2017-11-01,2017-11
December,2017,Region XIII,207,0,12,2017-12-01,2017-12
January,2018,Region XIII,269,0,1,2018-01-01,2018-01
February,2018,Region XIII,314,1,2,2018-02-01,2018-02
March,2018,Region XIII,188,0,3,2018-03-01,2018-03
April,2018,Region XIII,216,2,4,2018-04-01,2018-04
May,2018,Region XIII,221,1,5,2018-05-01,2018-05
June,2018,Region XIII,400,0,6,2018-06-01,2018-06
July,2018,Region XIII,849,6,7,2018-07-01,2018-07
August,2018,Region XIII,803,3,8,2018-08-01,2018-08
September,2018,Region XIII,1062,5,9,2018-09-01,2018-09
October,2018,Region XIII,1060,5,10,2018-10-01,2018-10
November,2018,Region XIII,1361,5,11,2018-11-01,2018-11
December,2018,Region XIII,2310,14,12,2018-12-01,2018-12
January,2019,Region XIII,2036,5,1,2019-01-01,2019-01
February,2019,Region XIII,2047,7,2,2019-02-01,2019-02
March,2019,Region XIII,1088,3,3,2019-03-01,2019-03
April,2019,Region XIII,328,2,4,2019-04-01,2019-04
May,2019,Region XIII,324,0,5,2019-05-01,2019-05
June,2019,Region XIII,492,0,6,2019-06-01,2019-06
July,2019,Region XIII,749,0,7,2019-07-01,2019-07
August,2019,Region XIII,1132,2,8,2019-08-01,2019-08
September,2019,Region XIII,1201,4,9,2019-09-01,2019-09
October,2019,Region XIII,908,2,10,2019-10-01,2019-10
November,2019,Region XIII,713,0,11,2019-11-01,2019-11
December,2019,Region XIII,1036,2,12,2019-12-01,2019-12
January,2020,Region XIII,938,5,1,2020-01-01,2020-01
February,2020,Region XIII,1172,2,2,2020-02-01,2020-02
March,2020,Region XIII,816,1,3,2020-03-01,2020-03
April,2020,Region XIII,288,2,4,2020-04-01,2020-04
May,2020,Region XIII,271,0,5,2020-05-01,2020-05
June,2020,Region XIII,162,0,6,2020-06-01,2020-06
July,2020,Region XIII,122,1,7,2020-07-01,2020-07
August,2020,Region XIII,137,0,8,2020-08-01,2020-08
September,2020,Region XIII,28,31,9,2020-09-01,2020-09
October,2020,Region XIII,10,14,10,2020-10-01,2020-10
November,2020,Region XIII,12,3,11,2020-11-01,2020-11
December,2020,Region XIII,27,0,12,2020-12-01,2020-12
January,2016,NCR,1261,4,1,2016-01-01,2016-01
February,2016,NCR,999,7,2,2016-02-01,2016-02
March,2016,NCR,730,3,3,2016-03-01,2016-03
April,2016,NCR,448,2,4,2016-04-01,2016-04
May,2016,NCR,414,0,5,2016-05-01,2016-05
June,2016,NCR,406,0,6,2016-06-01,2016-06
July,2016,NCR,1436,5,7,2016-07-01,2016-07
August,2016,NCR,2291,6,8,2016-08-01,2016-08
September,2016,NCR,1291,1291,9,2016-09-01,2016-09
October,2016,NCR,1033,1651,10,2016-10-01,2016-10
November,2016,NCR,1472,8,11,2016-11-01,2016-11
December,2016,NCR,1221,10,12,2016-12-01,2016-12
January,2017,NCR,1676,7,1,2017-01-01,2017-01
February,2017,NCR,1161,4,2,2017-02-01,2017-02
March,2017,NCR,930,4,3,2017-03-01,2017-03
April,2017,NCR,767,6,4,2017-04-01,2017-04
May,2017,NCR,543,4,5,2017-05-01,2017-05
June,2017,NCR,1027,9,6,2017-06-01,2017-06
July,2017,NCR,3139,20,7,2017-07-01,2017-07
August,2017,NCR,4555,30,8,2017-08-01,2017-08
September,2017,NCR,3783,32,9,2017-09-01,2017-09
October,2017,NCR,3833,24,10,2017-10-01,2017-10
November,2017,NCR,2588,13,11,2017-11-01,2017-11
December,2017,NCR,2101,15,12,2017-12-01,2017-12
January,2018,NCR,2043,12,1,2018-01-01,2018-01
February,2018,NCR,1965,4,2,2018-02-01,2018-02
March,2018,NCR,1160,5,3,2018-03-01,2018-03
April,2018,NCR,897,6,4,2018-04-01,2018-04
May,2018,NCR,603,2,5,2018-05-01,2018-05
June,2018,NCR,832,6,6,2018-06-01,2018-06
July,2018,NCR,2608,23,7,2018-07-01,2018-07
August,2018,NCR,3323,14,8,2018-08-01,2018-08
September,2018,NCR,5131,44,9,2018-09-01,2018-09
October,2018,NCR,4472,32,10,2018-10-01,2018-10
November,2018,NCR,3335,20,11,2018-11-01,2018-11
December,2018,NCR,2831,12,12,2018-12-01,2018-12
January,2019,NCR,2082,9,1,2019-01-01,2019-01
February,2019,NCR,2348,9,2,2019-02-01,2019-02
March,2019,NCR,1377,4,3,2019-03-01,2019-03
April,2019,NCR,532,4,4,2019-04-01,2019-04
May,2019,NCR,442,3,5,2019-05-01,2019-05
June,2019,NCR,817,2,6,2019-06-01,2019-06
July,2019,NCR,1839,14,7,2019-07-01,2019-07
August,2019,NCR,5481,36,8,2019-08-01,2019-08
September,2019,NCR,11033,58,9,2019-09-01,2019-09
October,2019,NCR,6776,25,10,2019-10-01,2019-10
November,2019,NCR,4494,11,11,2019-11-01,2019-11
December,2019,NCR,3257,15,12,2019-12-01,2019-12
January,2020,NCR,2328,10,1,2020-01-01,2020-01
February,2020,NCR,1991,7,2,2020-02-01,2020-02
March,2020,NCR,1032,3,3,2020-03-01,2020-03
April,2020,NCR,99,0,4,2020-04-01,2020-04
May,2020,NCR,65,0,5,2020-05-01,2020-05
June,2020,NCR,57,0,6,2020-06-01,2020-06
July,2020,NCR,112,0,7,2020-07-01,2020-07
August,2020,NCR,158,1,8,2020-08-01,2020-08
September,2020,NCR,131,134,9,2020-09-01,2020-09
October,2020,NCR,129,185,10,2020-10-01,2020-10
November,2020,NCR,423,139,11,2020-11-01,2020-11
December,2020,NCR,658,4,12,2020-12-01,2020-12
January,2016,CAR,579,4,1,2016-01-01,2016-01
February,2016,CAR,276,1,2,2016-02-01,2016-02
March,2016,CAR,191,0,3,2016-03-01,2016-03
April,2016,CAR,226,1,4,2016-04-01,2016-04
May,2016,CAR,504,0,5,2016-05-01,2016-05
June,2016,CAR,1358,3,6,2016-06-01,2016-06
July,2016,CAR,2769,10,7,2016-07-01,2016-07
August,2016,CAR,2179,2,8,2016-08-01,2016-08
September,2016,CAR,538,548,9,2016-09-01,2016-09
October,2016,CAR,261,319,10,2016-10-01,2016-10
November,2016,CAR,161,0,11,2016-11-01,2016-11
December,2016,CAR,122,0,12,2016-12-01,2016-12
January,2017,CAR,166,0,1,2017-01-01,2017-01
February,2017,CAR,123,1,2,2017-02-01,2017-02
March,2017,CAR,76,0,3,2017-03-01,2017-03
April,2017,CAR,76,0,4,2017-04-01,2017-04
May,2017,CAR,57,0,5,2017-05-01,2017-05
June,2017,CAR,146,0,6,2017-06-01,2017-06
July,2017,CAR,532,1,7,2017-07-01,2017-07
August,2017,CAR,841,3,8,2017-08-01,2017-08
September,2017,CAR,610,3,9,2017-09-01,2017-09
October,2017,CAR,661,0,10,2017-10-01,2017-10
November,2017,CAR,391,3,11,2017-11-01,2017-11
December,2017,CAR,366,1,12,2017-12-01,2017-12
January,2018,CAR,320,0,1,2018-01-01,2018-01
February,2018,CAR,234,2,2,2018-02-01,2018-02
March,2018,CAR,173,0,3,2018-03-01,2018-03
April,2018,CAR,128,0,4,2018-04-01,2018-04
May,2018,CAR,188,0,5,2018-05-01,2018-05
June,2018,CAR,467,1,6,2018-06-01,2018-06
July,2018,CAR,1330,1,7,2018-07-01,2018-07
August,2018,CAR,1265,2,8,2018-08-01,2018-08
September,2018,CAR,1221,2,9,2018-09-01,2018-09
October,2018,CAR,915,0,10,2018-10-01,2018-10
November,2018,CAR,649,0,11,2018-11-01,2018-11
December,2018,CAR,694,0,12,2018-12-01,2018-12
January,2019,CAR,470,2,1,2019-01-01,2019-01
February,2019,CAR,694,2,2,2019-02-01,2019-02
March,2019,CAR,398,0,3,2019-03-01,2019-03
April,2019,CAR,163,0,4,2019-04-01,2019-04
May,2019,CAR,187,1,5,2019-05-01,2019-05
June,2019,CAR,547,1,6,2019-06-01,2019-06
July,2019,CAR,1226,4,7,2019-07-01,2019-07
August,2019,CAR,1536,6,8,2019-08-01,2019-08
September,2019,CAR,1472,5,9,2019-09-01,2019-09
October,2019,CAR,992,1,10,2019-10-01,2019-10
November,2019,CAR,756,4,11,2019-11-01,2019-11
December,2019,CAR,367,1,12,2019-12-01,2019-12
January,2020,CAR,229,1,1,2020-01-01,2020-01
February,2020,CAR,185,0,2,2020-02-01,2020-02
March,2020,CAR,121,0,3,2020-03-01,2020-03
April,2020,CAR,19,1,4,2020-04-01,2020-04
May,2020,CAR,31,0,5,2020-05-01,2020-05
June,2020,CAR,62,0,6,2020-06-01,2020-06
July,2020,CAR,67,0,7,2020-07-01,2020-07
August,2020,CAR,72,0,8,2020-08-01,2020-08
September,2020,CAR,39,26,9,2020-09-01,2020-09
October,2020,CAR,40,28,10,2020-10-01,2020-10
November,2020,CAR,38,15,11,2020-11-01,2020-11
December,2020,CAR,78,2,12,2020-12-01,2020-12
January,2016,BARMM,126,2,1,2016-01-01,2016-01
February,2016,BARMM,92,2,2,2016-02-01,2016-02
March,2016,BARMM,107,3,3,2016-03-01,2016-03
April,2016,BARMM,109,4,4,2016-04-01,2016-04
May,2016,BARMM,165,4,5,2016-05-01,2016-05
June,2016,BARMM,263,7,6,2016-06-01,2016-06
July,2016,BARMM,491,2,7,2016-07-01,2016-07
August,2016,BARMM,327,2,8,2016-08-01,2016-08
September,2016,BARMM,124,105,9,2016-09-01,2016-09
October,2016,BARMM,82,109,10,2016-10-01,2016-10
November,2016,BARMM,143,1,11,2016-11-01,2016-11
December,2016,BARMM,162,2,12,2016-12-01,2016-12
January,2017,BARMM,74,0,1,2017-01-01,2017-01
February,2017,BARMM,59,1,2,2017-02-01,2017-02
March,2017,BARMM,25,0,3,2017-03-01,2017-03
April,2017,BARMM,36,0,4,2017-04-01,2017-04
May,2017,BARMM,22,0,5,2017-05-01,2017-05
June,2017,BARMM,57,0,6,2017-06-01,2017-06
July,2017,BARMM,62,0,7,2017-07-01,2017-07
August,2017,BARMM,41,0,8,2017-08-01,2017-08
September,2017,BARMM,33,1,9,2017-09-01,2017-09
October,2017,BARMM,38,0,10,2017-10-01,2017-10
November,2017,BARMM,17,0,11,2017-11-01,2017-11
December,2017,BARMM,21,0,12,2017-12-01,2017-12
January,2018,BARMM,149,2,1,2018-01-01,2018-01
February,2018,BARMM,129,1,2,2018-02-01,2018-02
March,2018,BARMM,77,2,3,2018-03-01,2018-03
April,2018,BARMM,124,3,4,2018-04-01,2018-04
May,2018,BARMM,164,1,5,2018-05-01,2018-05
June,2018,BARMM,254,5,6,2018-06-01,2018-06
July,2018,BARMM,412,3,7,2018-07-01,2018-07
August,2018,BARMM,253,2,8,2018-08-01,2018-08
September,2018,BARMM,261,0,9,2018-09-01,2018-09
October,2018,BARMM,246,8,10,2018-10-01,2018-10
November,2018,BARMM,183,4,11,2018-11-01,2018-11
December,2018,BARMM,208,2,12,2018-12-01,2018-12
January,2019,BARMM,201,2,1,2019-01-01,2019-01
February,2019,BARMM,309,4,2,2019-02-01,2019-02
March,2019,BARMM,303,2,3,2019-03-01,2019-03
April,2019,BARMM,221,2,4,2019-04-01,2019-04
May,2019,BARMM,284,2,5,2019-05-01,2019-05
June,2019,BARMM,554,4,6,2019-06-01,2019-06
July,2019,BARMM,772,2,7,2019-07-01,2019-07
August,2019,BARMM,811,6,8,2019-08-01,2019-08
September,2019,BARMM,807,2,9,2019-09-01,2019-09
October,2019,BARMM,481,2,10,2019-10-01,2019-10
November,2019,BARMM,362,0,11,2019-11-01,2019-11
December,2019,BARMM,288,3,12,2019-12-01,2019-12
January,2020,BARMM,212,1,1,2020-01-01,2020-01
February,2020,BARMM,233,2,2,2020-02-01,2020-02
March,2020,BARMM,207,2,3,2020-03-01,2020-03
April,2020,BARMM,23,0,4,2020-04-01,2020-04
May,2020,BARMM,27,0,5,2020-05-01,2020-05
June,2020,BARMM,48,0,6,2020-06-01,2020-06
July,2020,BARMM,100,0,7,2020-07-01,2020-07
August,2020,BARMM,91,0,8,2020-08-01,2020-08
September,2020,BARMM,16,8,9,2020-09-01,2020-09
October,2020,BARMM,13,9,10,2020-10-01,2020-10
November,2020,BARMM,15,1,11,2020-11-01,2020-11
December,2020,BARMM,23,0,12,2020-12-01,2020-12
